{
  "prusti-tests/tests/verify/pass/rosetta/Knuth_shuffle.rs": [
    2.5754933540000593,
    2.429842054000005,
    2.474836755999945,
    2.312091752000015,
    2.2960639539999192,
    2.302895557000056,
    2.342728557999976,
    2.2826476559999946,
    2.3152391620000117,
    2.4445386659999713
  ],
  "prusti-tests/tests/verify/pass/demos/account.rs": [
    2.0278431550000278,
    2.080943960999889,
    2.148006476999967,
    2.005523771000071,
    2.111591475999944,
    2.0215432249999594,
    2.045511822000094,
    2.07699352599991,
    2.0484763229999317,
    2.018860085999904
  ],
  "prusti-tests/tests/verify/pass/rosetta/Knights_tour.rs": [
    130.41374668499998,
    123.817541205,
    121.6192171140001,
    126.12507724500006,
    124.66568902500012,
    127.69076858499989,
    121.79437144099984,
    122.97274560099981,
    125.91080395699987,
    127.2033242550001
  ],
  "prusti-tests/tests/verify/pass/quick/fold-unfold.rs": [
    1.2741066969997519,
    1.3175139600002694,
    1.2923006650003117,
    1.236212445000092,
    1.3245658820001154,
    1.303217356999994,
    1.2750335910000103,
    1.3194853520003562,
    1.3113257039999553,
    1.2719761749999634
  ],
  "prusti-tests/tests/verify/pass/quick/moves.rs": [
    1.57812614400018,
    1.5308575560002282,
    1.5654069669999444,
    1.524241014999916,
    1.5163023469999644,
    1.5877955730002213,
    1.547991434999858,
    1.511010114000328,
    1.558135695999681,
    1.527078110000275
  ],
  "prusti-tests/tests/verify/pass/quick/mut-borrows.rs": [
    3.2069242140000824,
    3.139924909000001,
    3.1584509700001036,
    3.158210037000117,
    3.2014545939996424,
    3.107769144000031,
    3.154245707999962,
    3.1938154380000014,
    3.217359392000162,
    3.1902446340000097
  ],
  "prusti-tests/tests/verify/pass/quick/shared-borrows.rs": [
    2.0002809580000758,
    1.9841561739999634,
    1.9524008889998186,
    2.006792206999762,
    2.0755343840000933,
    1.9737880500001665,
    1.9913514469999427,
    1.9336594300002616,
    1.9954578840001886,
    1.9656107079999856
  ],
  "prusti-tests/tests/verify/pass/quick/trait-contracts-refinement.rs": [
    1.8255182880002394,
    1.7400968880001528,
    1.7771193169996877,
    1.7034223040000143,
    1.7148126699999011,
    1.6919616370000767,
    1.7685881869997502,
    1.7522472079999716,
    1.7593611550000787,
    1.707660050999948
  ],
  "prusti-tests/tests/verify/pass/quick/routes.rs": [
    6.426607187000172,
    5.887013673000183,
    6.1534143089998,
    5.9968262289999075,
    5.782188846000281,
    5.720209531999899,
    5.8489858580001055,
    5.816588242999842,
    5.8305205749998095,
    5.744907529000102
  ],
  "prusti-tests/tests/verify/pass/quick/fibonacci.rs": [
    7.2812035169999945,
    7.265914511999654,
    7.244394783999724,
    7.411953322000045,
    7.157529729000089,
    7.298073368000132,
    7.361472981000134,
    7.369606750999992,
    7.290180604999932,
    7.308027860000038
  ],
  "prusti-tests/tests/verify/pass/pure-fn/len-lookup.rs": [
    4.032875578999665,
    4.14711274299998,
    4.034378404000108,
    3.9852047219997075,
    4.040091647999816,
    4.144460846000129,
    4.107131118000325,
    4.058273210999687,
    4.112875567000174,
    4.272199614000328
  ],
  "prusti-tests/tests/verify/pass/pure-fn/quantifiers.rs": [
    2.6872331179997673,
    2.8010080710000693,
    2.719415519999984,
    2.679624897999929,
    2.5578933990000223,
    2.519399386999794,
    2.63039143099968,
    2.5388323040001524,
    2.60523829199974,
    2.7341786380002304
  ],
  "prusti-tests/tests/verify/pass/pure-fn/recursive-pure-fn.rs": [
    2.3652345139998943,
    2.523454326999854,
    2.4231037509998714,
    2.3741741700000603,
    2.4081412659998023,
    2.385138436000034,
    2.483898004999901,
    2.467125209000187,
    2.4043747480000093,
    2.445377983999606
  ],
  "prusti-tests/tests/verify/pass/pure-fn/ref-mut-arg.rs": [
    3.1560880780002663,
    2.9521152050001547,
    3.0448154380001142,
    2.963110469000185,
    3.122153086000253,
    3.0554560030000175,
    2.9388705080000364,
    2.89520426099989,
    2.983970965000026,
    3.077423983999779
  ],
  "prusti-tests/tests/verify/pass/rosetta/Ackermann_function.rs": [
    2.4037712479998845,
    2.4153071139999156,
    2.448611931000414,
    2.3226193169998623,
    2.369689288000245,
    2.4756230950001736,
    2.3402168180000444,
    2.4760235969997666,
    2.341749429000174,
    2.42073430299979
  ],
  "prusti-tests/tests/verify/pass/rosetta/Heapsort.rs": [
    13.209710584000277,
    12.988142276999952,
    12.705122872000175,
    13.32042122499979,
    13.091628949000096,
    12.789254820999759,
    13.26728236300005,
    13.109553758999937,
    13.140743894000025,
    12.932887390999895
  ]
}