{
  "prusti-tests/tests/verify/pass/rosetta/Knuth_shuffle.rs": [
    2.18613027899994,
    1.9837680830000863,
    1.9173391390000916,
    1.9392592570000033,
    1.9480369440000231,
    1.9194088819999706,
    1.967775061999987,
    1.9568554029999632,
    1.8546924240000635,
    1.8533375429999523
  ],
  "prusti-tests/tests/verify/pass/demos/account.rs": [
    1.687180812000065,
    1.666103784000029,
    1.7396404339999663,
    1.6728431970000202,
    1.6989124670000137,
    1.784781172999942,
    1.7263385279999284,
    1.7095741440000438,
    1.7046323079999866,
    1.649632831999952
  ],
  "prusti-tests/tests/verify/pass/rosetta/Knights_tour.rs": [
    104.41913779599997,
    103.059553435,
    102.04560970800003,
    102.53849733900006,
    100.50880033399994,
    102.08053758000005,
    101.58287204900012,
    100.35165351299997,
    102.51744427800008,
    102.18446371900018
  ],
  "prusti-tests/tests/verify/pass/quick/fold-unfold.rs": [
    1.0853247699999429,
    1.053550204999965,
    1.0754140650001318,
    1.0658293280000635,
    1.048436251999874,
    1.0819562140000016,
    1.0598040710001442,
    1.0732783749999726,
    1.1308854659998815,
    1.0709162919999926
  ],
  "prusti-tests/tests/verify/pass/quick/moves.rs": [
    1.3291116539999166,
    1.3030867770000896,
    1.3421216350000122,
    1.3676787110000532,
    1.3542284289999316,
    1.305533856000011,
    1.3237755109998943,
    1.3239659060000122,
    1.3603360360000352,
    1.328134473999853
  ],
  "prusti-tests/tests/verify/pass/quick/mut-borrows.rs": [
    2.735569362999968,
    2.661255269000094,
    2.6664363469999444,
    2.6629871679999724,
    2.634066257999848,
    2.888565506000077,
    3.002340285999935,
    2.703624401999832,
    2.6823697459999494,
    2.6625360610000826
  ],
  "prusti-tests/tests/verify/pass/quick/shared-borrows.rs": [
    1.6742376720001175,
    1.6966214369999761,
    1.6947604479998972,
    1.6603744559999996,
    1.6887807030000204,
    1.714955008999823,
    1.6394258370000898,
    1.675167588000022,
    1.7316954919999716,
    1.6849340300000222
  ],
  "prusti-tests/tests/verify/pass/quick/trait-contracts-refinement.rs": [
    1.5611347839999326,
    1.463780571000143,
    1.4684834369998043,
    1.4263608349999686,
    1.5041710729999522,
    1.4856504029999087,
    1.4810523369999373,
    1.471562805000076,
    1.4512974509998458,
    1.4666709549999268
  ],
  "prusti-tests/tests/verify/pass/quick/routes.rs": [
    5.1294756669999515,
    4.892364752000049,
    4.805826371000194,
    4.77930305599989,
    4.76233487699983,
    4.6773761940000895,
    4.724995291999903,
    4.782235097000012,
    4.722986252000055,
    4.803288193999833
  ],
  "prusti-tests/tests/verify/pass/quick/fibonacci.rs": [
    6.001712975999908,
    5.980119046000027,
    5.979931455000042,
    6.175311037000029,
    6.000256390000004,
    5.888550300000134,
    5.929405511000141,
    6.048292243000333,
    6.00089577000017,
    5.959941333000188
  ],
  "prusti-tests/tests/verify/pass/pure-fn/len-lookup.rs": [
    3.4062060080000265,
    3.5108145389999663,
    3.3910148830000253,
    3.382457018000423,
    3.3866033650001555,
    3.3690863469996657,
    3.322151027000018,
    3.452257792999717,
    3.416180112999882,
    3.369547478000186
  ],
  "prusti-tests/tests/verify/pass/pure-fn/quantifiers.rs": [
    2.1211824899996827,
    2.111991332999878,
    2.1291119109996544,
    2.086592514000131,
    2.1140265130002263,
    2.194187124999644,
    2.132150668000122,
    2.0641738539998187,
    2.3408302939997156,
    2.1828016330000537
  ],
  "prusti-tests/tests/verify/pass/pure-fn/recursive-pure-fn.rs": [
    1.9243676760002018,
    2.1153543139998874,
    2.045301580999876,
    2.0548390710000604,
    2.05070170099998,
    2.1081237860003057,
    2.0990833370001383,
    2.0716895559999102,
    1.9744411480000963,
    2.1878140310000163
  ],
  "prusti-tests/tests/verify/pass/pure-fn/ref-mut-arg.rs": [
    2.4711287599998286,
    2.4672540870001285,
    2.4599162389999947,
    2.5055082530002437,
    2.516282486000364,
    2.443505601999732,
    2.3762140160001763,
    2.480088915000124,
    2.526194389000011,
    2.4428517910000664
  ],
  "prusti-tests/tests/verify/pass/rosetta/Ackermann_function.rs": [
    1.9404718549999416,
    1.9914050960001077,
    1.922697679999601,
    1.9712852180000482,
    1.937187508000079,
    1.9857718650000606,
    1.924108900000192,
    2.012307370000144,
    1.9937026740003603,
    2.214738308000051
  ],
  "prusti-tests/tests/verify/pass/rosetta/Heapsort.rs": [
    10.773974391000138,
    10.33435940499976,
    10.592198951000228,
    10.404243434999898,
    10.759827313999722,
    10.713173972999812,
    10.721948364000127,
    10.541749628999696,
    10.488594615000238,
    10.708770115999869
  ]
}