{
  "prusti-tests/tests/verify/pass/rosetta/Knuth_shuffle.rs": [
    2.652163189000021,
    2.3393757389999337,
    2.5216357140000127,
    2.5166949219999424,
    2.4709747160000006,
    2.414171174000103,
    2.378509718000032,
    2.374253961000022,
    2.3489615250000497,
    2.3028586359998826
  ],
  "prusti-tests/tests/verify/pass/demos/account.rs": [
    2.1095264719999705,
    2.116648366000163,
    2.0335324580000815,
    2.0719792509999024,
    2.070043025999894,
    2.008974515999853,
    2.096177588000046,
    2.0399867669998457,
    2.0324530679999953,
    2.1197982270000466
  ],
  "prusti-tests/tests/verify/pass/rosetta/Knights_tour.rs": [
    117.26330401100017,
    111.68371045000004,
    113.25416822000011,
    110.21792711900002,
    113.13695852299998,
    110.21067358799996,
    111.94679711399999,
    111.19806445200015,
    114.01087109299988,
    111.59915620200036
  ],
  "prusti-tests/tests/verify/pass/quick/fold-unfold.rs": [
    1.363754292000067,
    1.3582516189999296,
    1.2746945240000969,
    1.332915987999968,
    1.4027099049999379,
    1.3598389009998755,
    1.3240283410000302,
    1.3626172290000795,
    1.367191461999937,
    1.366335414000332
  ],
  "prusti-tests/tests/verify/pass/quick/moves.rs": [
    1.6507000790002166,
    1.6387936289997924,
    1.6385911259999375,
    1.6336974739997459,
    1.6154388850000032,
    1.62588199899983,
    1.6303694299999734,
    1.662942865000332,
    1.6467376489999879,
    1.693404309000016
  ],
  "prusti-tests/tests/verify/pass/quick/mut-borrows.rs": [
    3.240436429000056,
    3.21807071000012,
    3.3082054369997422,
    3.321478895999917,
    3.332867318999888,
    3.344438877000357,
    3.3248821170000156,
    3.364046001999668,
    3.4320450240002174,
    3.327269642000374
  ],
  "prusti-tests/tests/verify/pass/quick/shared-borrows.rs": [
    2.0633170399996743,
    2.1093229550001524,
    2.151432383000156,
    2.1425508320003246,
    2.0806248949998007,
    2.1548056120000183,
    2.165428450000036,
    2.085555772999669,
    2.0570808850002322,
    2.144315172000006
  ],
  "prusti-tests/tests/verify/pass/quick/trait-contracts-refinement.rs": [
    1.840926809999928,
    1.8073559519998526,
    1.855611399999816,
    1.885648401999788,
    1.78572756199992,
    1.8390638039995792,
    1.758641002999866,
    1.8003024590002497,
    1.8313802749999013,
    1.8096200610002597
  ],
  "prusti-tests/tests/verify/pass/quick/routes.rs": [
    6.154521709999699,
    5.714321047999874,
    6.01648007599988,
    5.721827897999901,
    5.693594657000176,
    5.84227887499992,
    5.718863507000151,
    5.725870724999822,
    5.7215406790001,
    5.797525206000046
  ],
  "prusti-tests/tests/verify/pass/quick/fibonacci.rs": [
    7.238886911999998,
    7.3214984600003845,
    7.274294546999954,
    7.509446882000248,
    7.439924754000003,
    7.466102715000034,
    7.399389041000177,
    7.21024730299996,
    7.358638636000251,
    7.256059594000362
  ],
  "prusti-tests/tests/verify/pass/pure-fn/len-lookup.rs": [
    4.167462115000035,
    4.28633821800031,
    4.222488966000128,
    4.304982640000162,
    4.257319651000216,
    4.1252784070002235,
    4.262464421000004,
    4.353828217000228,
    4.119855581000138,
    4.320738051999797
  ],
  "prusti-tests/tests/verify/pass/pure-fn/quantifiers.rs": [
    2.6856682059997183,
    2.5954655160003313,
    2.6190143300000273,
    2.7867637549998108,
    2.6297501400003966,
    2.5974765099999786,
    2.603154512999936,
    2.666356512999755,
    2.9249738669996077,
    2.7709392650003792
  ],
  "prusti-tests/tests/verify/pass/pure-fn/recursive-pure-fn.rs": [
    2.4550285989998883,
    2.5847994270002346,
    2.5357175240001197,
    2.5116111190000083,
    2.493466976000036,
    2.367091178999999,
    2.6384748919999765,
    2.386592732999816,
    2.512706015999811,
    2.40544933900037
  ],
  "prusti-tests/tests/verify/pass/pure-fn/ref-mut-arg.rs": [
    3.175389383000038,
    3.071621511000103,
    3.115534384000057,
    2.936684296999829,
    3.175880732999758,
    3.0007566399999632,
    2.890332270000272,
    3.0102649329996893,
    3.120658222000202,
    2.958767355999953
  ],
  "prusti-tests/tests/verify/pass/rosetta/Ackermann_function.rs": [
    2.5372954059998847,
    2.3916388650000044,
    2.2956090860002405,
    2.403521393999654,
    2.355159846999868,
    2.509901305999847,
    2.3864508800002113,
    2.4453858790002414,
    2.442243836999751,
    2.4840377820000867
  ],
  "prusti-tests/tests/verify/pass/rosetta/Heapsort.rs": [
    12.361354931000278,
    12.34454169699984,
    12.4057199949998,
    12.027669984999648,
    12.396795795000344,
    12.586099295000167,
    12.255200510999657,
    12.352789442999892,
    12.934241476000352,
    12.51903732699975
  ]
}